dynamism,urgency,scale,cost,travel_time,tardiness,over_time,is_valid,scenario_id,random_seed,repetition,comp_time,num_vehicles,num_orders,num_reauctions,num_unsuc_reauctions,num_failed_reauctions
0.2,20,5.0,152285.77361666664,17234.72395,123124.36633333334,11926.683333333332,true,0.20-20-5.00-0,7919,0,8298498,50,600,0,0,0
0.2,20,5.0,159447.10783333334,17204.064866666668,129576.0763,12666.966666666667,true,0.20-20-5.00-3,7919,0,8544184,50,600,0,0,0
0.2,20,5.0,204404.26576666665,19555.001033333334,169960.2314,14889.033333333333,true,0.20-20-5.00-1,7919,0,9274586,50,600,0,0,0
0.2,20,5.0,179866.08956666663,18663.365433333332,148010.7908,13191.933333333332,true,0.20-20-5.00-2,7919,0,9335539,50,600,0,0,0
0.2,20,5.0,167632.8453,17925.659266666666,137009.38603333334,12697.8,true,0.20-20-5.00-4,7919,0,9177959,50,600,0,0,0
