dynamism,urgency,scale,cost,travel_time,tardiness,over_time,is_valid,scenario_id,random_seed,repetition,comp_time,num_vehicles,num_orders,num_reauctions,num_unsuc_reauctions,num_failed_reauctions
0.8,20,5.0,145152.5104,17346.09766666667,115880.79606666666,11925.616666666667,true,0.80-20-5.00-8,7919,0,7458784,50,600,0,0,0
0.8,20,5.0,139292.58365,17331.354416666665,110140.36256666666,11820.866666666667,true,0.80-20-5.00-5,7919,0,9133534,50,600,0,0,0
0.8,20,5.0,144810.48218333334,17465.2769,115275.03861666667,12070.166666666666,true,0.80-20-5.00-7,7919,0,9752562,50,600,0,0,0
0.8,20,5.0,178594.65945,19010.439866666668,145891.55291666667,13692.666666666666,true,0.80-20-5.00-6,7919,0,10768834,50,600,0,0,0
0.8,20,5.0,153392.65125,17709.4049,123502.71301666666,12180.533333333333,true,0.80-20-5.00-9,7919,0,9256367,50,600,0,0,0
