dynamism,urgency,scale,cost,travel_time,tardiness,over_time,is_valid,scenario_id,random_seed,repetition,comp_time,num_vehicles,num_orders,num_reauctions,num_unsuc_reauctions,num_failed_reauctions
0.2,20,5.0,1386379.6589,17570.235733333335,135588.41231666665,12925.3,true,0.20-20-5.00-3,7919,0,8591960,50,600,0,0,0
0.2,20,5.0,1347841.0864166666,17124.223916666666,131822.62291666667,12490.633333333333,true,0.20-20-5.00-9,7919,0,9099021,50,600,0,0,0
0.5,20,5.0,1175229.3932333332,17551.826233333333,114570.93503333333,11968.216666666667,true,0.50-20-5.00-5,7919,0,7922016,50,600,0,0,0
0.8,20,5.0,1278680.51345,17885.174116666665,124842.63893333334,12368.95,true,0.80-20-5.00-1,7919,0,9431579,50,600,0,0,0
0.8,20,5.0,1225218.4035333334,17961.9347,119484.47355,12411.733333333334,true,0.80-20-5.00-7,7919,0,10332946,50,600,0,0,0
