dynamism,urgency,scale,cost,travel_time,tardiness,over_time,is_valid,scenario_id,random_seed,repetition,comp_time,num_vehicles,num_orders,num_reauctions,num_unsuc_reauctions,num_failed_reauctions
0.2,20,5.0,1415600.8039999998,17395.211,138549.00763333333,12715.516666666666,true,0.20-20-5.00-7,7919,0,8376006,50,600,0,0,0
0.2,20,5.0,1714739.5516166668,19497.919116666668,168040.22158333333,14839.416666666666,true,0.20-20-5.00-1,7919,0,8945798,50,600,0,0,0
0.5,20,5.0,1415284.9073500002,18475.86785,138386.81228333333,12940.916666666666,true,0.50-20-5.00-3,7919,0,9141832,50,600,0,0,0
0.5,20,5.0,1187419.70065,17231.702816666668,115852.18311666667,11666.166666666666,true,0.50-20-5.00-9,7919,0,7137861,50,600,0,0,0
0.8,20,5.0,1068711.3023333335,16807.751166666665,104065.02011666667,11253.35,true,0.80-20-5.00-5,7919,0,9335683,50,600,0,0,0
