dynamism,urgency,scale,cost,travel_time,tardiness,over_time,is_valid,scenario_id,random_seed,repetition,comp_time,num_vehicles,num_orders,num_reauctions,num_unsuc_reauctions,num_failed_reauctions
0.5,20,5.0,1206223.9352166667,17162.99905,117720.76028333334,11853.333333333334,true,0.50-20-5.00-0,7919,0,7576083,50,600,0,0,0
0.5,20,5.0,1255645.3773499997,17811.753516666668,122533.31571666666,12500.466666666667,true,0.50-20-5.00-6,7919,0,8181306,50,600,0,0,0
0.8,20,5.0,1237802.4665,17300.576666666668,120866.40231666667,11837.866666666667,true,0.80-20-5.00-2,7919,0,9633423,50,600,0,0,0
0.8,20,5.0,1243936.3574666665,17772.371133333334,121388.8553,12275.433333333332,true,0.80-20-5.00-8,7919,0,7469881,50,600,0,0,0
