dynamism,urgency,scale,cost,travel_time,tardiness,over_time,is_valid,scenario_id,random_seed,repetition,comp_time,num_vehicles,num_orders,num_reauctions,num_unsuc_reauctions,num_failed_reauctions
dynamism,urgency,scale,cost,travel_time,tardiness,over_time,is_valid,scenario_id,random_seed,repetition,comp_time,num_vehicles,num_orders,num_reauctions,num_unsuc_reauctions,num_failed_reauctions
0.2,20,5.0,-1,-1,-1,-1,false,0.20-20-5.00-1,7919,0,-1,50,600,-1,-1,-1
0.2,20,5.0,-1,-1,-1,-1,false,0.20-20-5.00-7,7919,0,-1,50,600,-1,-1,-1
0.2,20,5.0,113773.74118333333,13979.027316666667,90414.43053333333,9380.283333333333,true,0.20-20-5.00-1,7919,0,6496071,50,600,0,0,0
0.2,20,5.0,104330.30971666667,13727.650783333333,81455.84226666667,9146.816666666668,true,0.20-20-5.00-7,7919,0,6694783,50,600,0,0,0
0.5,20,5.0,128143.47133333333,15634.908283333334,102227.74638333333,10280.816666666668,true,0.50-20-5.00-3,7919,0,10063059,50,600,0,0,0
0.5,20,5.0,114835.4337,14748.44445,90647.50591666666,9439.483333333334,true,0.50-20-5.00-9,7919,0,8863623,50,600,0,0,0
0.8,20,5.0,122526.37186666668,15358.993433333333,97183.02843333334,9984.35,true,0.80-20-5.00-5,7919,0,10673783,50,600,0,0,0
