dynamism,urgency,scale,cost,travel_time,tardiness,over_time,is_valid,scenario_id,random_seed,repetition,comp_time,num_vehicles,num_orders,num_reauctions,num_unsuc_reauctions,num_failed_reauctions
0.2,20,5.0,121097.80544999999,15328.609983333334,95828.29546666666,9940.9,true,0.20-20-5.00-8,7919,0,10496325,50,600,0,0,0
0.2,20,5.0,151732.76078333333,16583.984633333333,123149.35948333333,11999.416666666666,true,0.20-20-5.00-9,7919,0,10247027,50,600,0,0,0
0.2,20,5.0,125071.52075000001,15689.379483333334,98732.0246,10650.116666666667,true,0.20-20-5.00-6,7919,0,31602946,50,600,0,0,0
