dynamism,urgency,scale,cost,travel_time,tardiness,over_time,is_valid,scenario_id,random_seed,repetition,comp_time,num_vehicles,num_orders,num_reauctions,num_unsuc_reauctions,num_failed_reauctions
0.2,20,5.0,1292065.7781,17257.5956,126276.29991666667,12045.183333333332,true,0.20-20-5.00-6,7919,0,7812017,50,600,0,0,0
0.2,20,5.0,1338510.7264,17747.857066666667,130839.0636,12372.233333333334,true,0.20-20-5.00-0,7919,0,8341240,50,600,0,0,0
0.5,20,5.0,1381099.8297833332,17835.158616666668,135075.54878333333,12509.183333333332,true,0.50-20-5.00-2,7919,0,8730082,50,600,0,0,0
0.5,20,5.0,1497654.6574833333,18826.18365,146524.45738333333,13583.9,true,0.50-20-5.00-8,7919,0,9714701,50,600,0,0,0
0.8,20,5.0,1215035.1251833332,17521.918183333335,118542.3057,12090.15,true,0.80-20-5.00-4,7919,0,8308515,50,600,0,0,0
