dynamism,urgency,scale,cost,travel_time,tardiness,over_time,is_valid,scenario_id,random_seed,repetition,comp_time,num_vehicles,num_orders,num_reauctions,num_unsuc_reauctions,num_failed_reauctions
dynamism,urgency,scale,cost,travel_time,tardiness,over_time,is_valid,scenario_id,random_seed,repetition,comp_time,num_vehicles,num_orders,num_reauctions,num_unsuc_reauctions,num_failed_reauctions
0.2,20,5.0,-1,-1,-1,-1,false,0.20-20-5.00-1,7919,0,-1,50,600,-1,-1,-1
0.2,20,5.0,-1,-1,-1,-1,false,0.20-20-5.00-7,7919,0,-1,50,600,-1,-1,-1
0.2,20,5.0,150662.71653333333,16464.24505,122335.97148333333,11862.5,true,0.20-20-5.00-1,7919,0,9950223,50,600,0,0,0
0.2,20,5.0,171112.21611666668,17611.507616666666,140485.8085,13014.9,true,0.20-20-5.00-7,7919,0,10585917,50,600,0,0,0
0.5,20,5.0,156336.71875,17255.61725,127286.0515,11795.05,true,0.50-20-5.00-3,7919,0,11512735,50,600,0,0,0
0.5,20,5.0,176950.35379999998,18754.905733333333,144903.49806666665,13291.95,true,0.50-20-5.00-9,7919,0,12023693,50,600,0,0,0
0.8,20,5.0,162276.58643333337,17716.544233333334,132323.22553333335,12236.816666666668,true,0.80-20-5.00-5,7919,0,12502289,50,600,0,0,0
