dynamism,urgency,scale,cost,travel_time,tardiness,over_time,is_valid,scenario_id,random_seed,repetition,comp_time,num_vehicles,num_orders,num_reauctions,num_unsuc_reauctions,num_failed_reauctions
0.5,20,5.0,141264.07496666667,16862.161683333332,112866.71328333333,11535.2,true,0.50-20-5.00-0,7919,0,8092559,50,600,0,0,0
0.5,20,5.0,153314.63055,17480.55743333333,123944.50645,11889.566666666668,true,0.50-20-5.00-1,7919,0,8300115,50,600,0,0,0
0.5,20,5.0,163945.85198333336,17667.66031666667,133893.19166666668,12385.0,true,0.50-20-5.00-2,7919,0,8726227,50,600,0,0,0
0.5,20,5.0,152126.87203333335,17360.424516666666,122912.19751666667,11854.25,true,0.50-20-5.00-3,7919,0,9062214,50,600,0,0,0
0.5,20,5.0,155058.8828,17375.287633333333,125640.24516666666,12043.35,true,0.50-20-5.00-4,7919,0,8948579,50,600,0,0,0
