dynamism,urgency,scale,cost,travel_time,tardiness,over_time,is_valid,scenario_id,random_seed,repetition,comp_time,num_vehicles,num_orders,num_reauctions,num_unsuc_reauctions,num_failed_reauctions
0.8,20,5.0,47362.9045,9509.918866666667,33434.63563333333,4418.35,true,0.80-20-5.00-7,7919,0,4843002,50,600,0,0,0
0.8,20,5.0,42945.16171666667,9038.3246,29902.187116666668,4004.65,true,0.80-20-5.00-8,7919,0,4992983,50,600,0,0,0
0.8,20,5.0,47324.146049999996,9397.897366666666,33680.76535,4245.483333333334,true,0.80-20-5.00-5,7919,0,5592064,50,600,0,0,0
0.8,20,5.0,54972.25153333333,9848.077166666666,40473.72436666667,4650.45,true,0.80-20-5.00-6,7919,0,5717363,50,600,0,0,0
0.8,20,5.0,56211.287066666664,10162.616933333333,40907.320133333335,5141.35,true,0.80-20-5.00-9,7919,0,6254586,50,600,0,0,0
