dynamism,urgency,scale,cost,travel_time,tardiness,over_time,is_valid,scenario_id,random_seed,repetition,comp_time,num_vehicles,num_orders,num_reauctions,num_unsuc_reauctions,num_failed_reauctions
dynamism,urgency,scale,cost,travel_time,tardiness,over_time,is_valid,scenario_id,random_seed,repetition,comp_time,num_vehicles,num_orders,num_reauctions,num_unsuc_reauctions,num_failed_reauctions
0.2,20,5.0,-1,-1,-1,-1,false,0.20-20-5.00-1,7919,0,-1,50,600,-1,-1,-1
0.2,20,5.0,-1,-1,-1,-1,false,0.20-20-5.00-7,7919,0,-1,50,600,-1,-1,-1
0.2,20,5.0,110166.96724999999,13270.751633333333,88174.43228333333,8721.783333333333,true,0.20-20-5.00-7,7919,0,8305293,50,600,0,0,0
0.2,20,5.0,128123.44198333335,14542.524433333334,103514.20088333334,10066.716666666667,true,0.20-20-5.00-1,7919,0,8572195,50,600,0,0,0
0.5,20,5.0,65846.69,11571.906716666666,48037.466616666665,6237.316666666667,true,0.50-20-5.00-9,7919,0,6859803,50,600,0,0,0
0.5,20,5.0,87002.69978333333,12517.3495,67310.23361666666,7175.116666666667,true,0.50-20-5.00-3,7919,0,8829143,50,600,0,0,0
0.8,20,5.0,61942.819449999995,11354.715566666666,44468.50388333333,6119.6,true,0.80-20-5.00-5,7919,0,8432994,50,600,0,0,0
