dynamism,urgency,scale,cost,travel_time,tardiness,over_time,is_valid,scenario_id,random_seed,repetition,comp_time,num_vehicles,num_orders,num_reauctions,num_unsuc_reauctions,num_failed_reauctions
0.2,20,5.0,176391.45554999998,18444.90065,144766.03823333333,13180.516666666666,true,0.20-20-5.00-2,7919,0,9042675,50,600,0,0,0
0.2,20,5.0,162864.9418666667,17714.76831666667,132798.10688333333,12352.066666666668,true,0.20-20-5.00-8,7919,0,9670836,50,600,0,0,0
0.5,20,5.0,148490.37638333332,16973.73625,119775.74013333334,11740.9,true,0.50-20-5.00-4,7919,0,8473553,50,600,0,0,0
0.8,20,5.0,129765.36471666666,16558.61105,102083.15366666667,11123.6,true,0.80-20-5.00-0,7919,0,7599278,50,600,0,0,0
0.8,20,5.0,184187.9845833333,19321.167766666666,150970.76681666667,13896.05,true,0.80-20-5.00-6,7919,0,11438181,50,600,0,0,0
