dynamism,urgency,scale,cost,travel_time,tardiness,over_time,is_valid,scenario_id,random_seed,repetition,comp_time,num_vehicles,num_orders,num_reauctions,num_unsuc_reauctions,num_failed_reauctions
0.5,20,5.0,137413.57071666667,16701.4791,109296.20828333333,11415.883333333333,true,0.50-20-5.00-0,7919,0,7587284,50,600,0,0,0
0.2,20,5.0,162681.34585,17723.13695,132496.84223333333,12461.366666666667,true,0.20-20-5.00-4,7919,0,9128008,50,600,0,0,0
0.5,20,5.0,149175.53541666665,17434.25198333333,119572.28343333333,12169.0,true,0.50-20-5.00-6,7919,0,8196440,50,600,0,0,0
0.8,20,5.0,145937.58959999998,17125.455283333333,117088.83431666666,11723.3,true,0.80-20-5.00-2,7919,0,9207788,50,600,0,0,0
0.8,20,5.0,137952.74463333335,16975.9823,109384.229,11592.533333333333,true,0.80-20-5.00-8,7919,0,6933427,50,600,0,0,0
