dynamism,urgency,scale,cost,travel_time,tardiness,over_time,is_valid,scenario_id,random_seed,repetition,comp_time,num_vehicles,num_orders,num_reauctions,num_unsuc_reauctions,num_failed_reauctions
0.2,20,5.0,144932.95851666667,16458.343683333333,117194.04816666666,11280.566666666668,true,0.20-20-5.00-6,7919,0,7767886,50,600,0,0,0
0.2,20,5.0,158010.05326666668,17236.106916666668,128165.97968333334,12607.966666666667,true,0.20-20-5.00-5,7919,0,8281685,50,600,0,0,0
0.2,20,5.0,158840.01748333333,17512.72985,129129.23763333334,12198.05,true,0.20-20-5.00-8,7919,0,9503875,50,600,0,0,0
0.2,20,5.0,-1,-1,-1,-1,false,0.20-20-5.00-7,7919,0,-1,50,600,-1,-1,-1
0.2,20,5.0,160065.28836666665,17124.8239,130443.18113333333,12497.283333333333,true,0.20-20-5.00-9,7919,0,9059291,50,600,0,0,0
0.2,20,5.0,-1,-1,-1,-1,false,0.20-20-5.00-7,7919,0,-1,50,600,-1,-1,-1
0.2,20,5.0,167107.4422,17213.883533333334,137345.90866666666,12547.65,true,0.20-20-5.00-7,7919,0,8430998,50,600,0,0,0
