dynamism,urgency,scale,cost,travel_time,tardiness,over_time,is_valid,scenario_id,random_seed,repetition,comp_time,num_vehicles,num_orders,num_reauctions,num_unsuc_reauctions,num_failed_reauctions
0.2,20,5.0,1495587.72245,18457.05345,146389.66356666666,13234.033333333333,true,0.20-20-5.00-2,7919,0,8982358,50,600,0,0,0
0.2,20,5.0,1294414.5083666667,17343.9197,126506.95553333333,12001.033333333333,true,0.20-20-5.00-8,7919,0,9581445,50,600,0,0,0
0.5,20,5.0,1277434.8878166666,17479.72548333333,124776.3629,12191.533333333333,true,0.50-20-5.00-4,7919,0,8447438,50,600,0,0,0
0.8,20,5.0,991165.9597333332,16020.691733333333,96455.0068,10595.2,true,0.80-20-5.00-0,7919,0,7529971,50,600,0,0,0
0.8,20,5.0,1567786.5912333333,19596.8404,153404.26341666665,14147.116666666667,true,0.80-20-5.00-6,7919,0,11424552,50,600,0,0,0
