dynamism,urgency,scale,cost,travel_time,tardiness,over_time,is_valid,scenario_id,random_seed,repetition,comp_time,num_vehicles,num_orders,num_reauctions,num_unsuc_reauctions,num_failed_reauctions
0.2,20,5.0,107847.03418333334,13957.375616666666,85053.85856666666,8835.8,true,0.20-20-5.00-2,7919,0,6035996,50,600,0,0,0
0.2,20,5.0,122229.41453333333,14393.956066666668,97926.7418,9908.716666666667,true,0.20-20-5.00-1,7919,0,6760171,50,600,0,0,0
0.2,20,5.0,109956.96596666667,14558.54445,86021.78818333334,9376.633333333333,true,0.20-20-5.00-3,7919,0,6873481,50,600,0,0,0
0.2,20,5.0,118504.97284999999,14716.2022,94006.57065,9782.2,true,0.20-20-5.00-0,7919,0,7855063,50,600,0,0,0
0.2,20,5.0,113194.58493333333,14400.027883333334,89391.59038333333,9402.966666666667,true,0.20-20-5.00-4,7919,0,7674611,50,600,0,0,0
